labels,parents
Archives,
Archives publiques,Archives
Archives privées,Archives
Série A  Actes du pouvoir souverain et domaine public (archives anciennes),Archives publiques
Série AV  Archives sonores et audiovisuelles (archives privées),Archives privées
1 AV à 6 AV - archives sonores et audiovisuelles (pièces isolées et petits fonds),Série AV  Archives sonores et audiovisuelles (archives privées)
Série B  Cours et juridictions (archives anciennes),Archives publiques
1 B - Cour ou sénéchaussée royale de Brest et Saint-Renan ,Série B  Cours et juridictions (archives anciennes)
2 B - Cour ou sénéchaussée royale de Carhaix ,Série B  Cours et juridictions (archives anciennes)
3 B - Cour ou sénéchaussée royale de Châteaulin ,Série B  Cours et juridictions (archives anciennes)
"4 B - Cour ou sénéchaussée royale de Châteauneuf-du-Faou, Le Huelgoat et Landeleau ",Série B  Cours et juridictions (archives anciennes)
"5 B - Cour ou sénéchaussée royale de Concarneau (ou Conq), Fouesnant et Rosporden ",Série B  Cours et juridictions (archives anciennes)
6 B - Cour ou sénéchaussée royale de Lesneven ,Série B  Cours et juridictions (archives anciennes)
7 B - Cour ou sénéchaussée royale de Morlaix et Lanmeur ,Série B  Cours et juridictions (archives anciennes)
8 B - Présidial et Cour ou sénéchaussée royale de Quimper ,Série B  Cours et juridictions (archives anciennes)
9 B - Cour ou sénéchaussée royale de Quimperlé ,Série B  Cours et juridictions (archives anciennes)
10 B - Cahiers de doléances,Série B  Cours et juridictions (archives anciennes)
11 B - Cours seigneuriales du ressort de Brest.,Série B  Cours et juridictions (archives anciennes)
12 B - Cours seigneuriales du ressort de Carhaix.,Série B  Cours et juridictions (archives anciennes)
13 B - Cours seigneuriales du ressort de Châteaulin.,Série B  Cours et juridictions (archives anciennes)
14 B - Cours seigneuriales du ressort de Châteauneuf-du-Faou.,Série B  Cours et juridictions (archives anciennes)
15 B - Cours seigneuriales du ressort de Concarneau.,Série B  Cours et juridictions (archives anciennes)
16 B - Cours seigneuriales du ressort de Lesneven.,Série B  Cours et juridictions (archives anciennes)
17 B - Cours seigneuriales du ressort de Morlaix.,Série B  Cours et juridictions (archives anciennes)
18 B - Cours seigneuriales du ressort de Quimper.,Série B  Cours et juridictions (archives anciennes)
19 B - Cours seigneuriales du ressort de Quimperlé.,Série B  Cours et juridictions (archives anciennes)
20 B - Amirautés,Série B  Cours et juridictions (archives anciennes)
21 B - Maîtrise particulière des Eaux et Forêts à Carhaix et Grurie royale de Quimperlé,Série B  Cours et juridictions (archives anciennes)
22 B - Autres juridictions royales extraordinaires.,Série B  Cours et juridictions (archives anciennes)
"23 B - Cours seigneuriales relevant directement du Parlement, Juridictions épiscopales.",Série B  Cours et juridictions (archives anciennes)
"24 B - Cours seigneuriales relevant directement du Parlement, Juridictions abbatiales.",Série B  Cours et juridictions (archives anciennes)
Série C  Administrations provinciales (archives anciennes),Archives publiques
1 C - Intendance de Bretagne et subdélégations ,Série C  Administrations provinciales (archives anciennes)
2 C - Etats de Bretagne et Commissions intermédiaires ,Série C  Administrations provinciales (archives anciennes)
3 C - Impositions ,Série C  Administrations provinciales (archives anciennes)
4 C - Ferme des devoirs et droits y joints ,Série C  Administrations provinciales (archives anciennes)
5 C à 39 C  Bureaux du Contrôle des actes,Série C  Administrations provinciales (archives anciennes)
5 C - Bureau de Brasparts ,5 C à 39 C  Bureaux du Contrôle des actes
6 C - Bureau de Brest ,5 C à 39 C  Bureaux du Contrôle des actes
7 C - Bureau de Briec (- Edern) ,5 C à 39 C  Bureaux du Contrôle des actes
8 C - Bureau de Carhaix ,5 C à 39 C  Bureaux du Contrôle des actes
9 C - Bureau de Châteaulin ,5 C à 39 C  Bureaux du Contrôle des actes
10 C - Bureau de Châteauneuf-du-Faou ,5 C à 39 C  Bureaux du Contrôle des actes
11 C - Bureau de Concarneau ,5 C à 39 C  Bureaux du Contrôle des actes
12 C - Bureau du Conquet ,5 C à 39 C  Bureaux du Contrôle des actes
13 C - Bureau de Crozon ,5 C à 39 C  Bureaux du Contrôle des actes
14 C - Bureau de Daoulas ,5 C à 39 C  Bureaux du Contrôle des actes
15 C - Bureau de Douarnenez ,5 C à 39 C  Bureaux du Contrôle des actes
16 C - Bureau du Faou ,5 C à 39 C  Bureaux du Contrôle des actes
17 C - Bureau de Guerlesquin ,5 C à 39 C  Bureaux du Contrôle des actes
18 C - Bureau du Huelgoat ,5 C à 39 C  Bureaux du Contrôle des actes
19 C - Bureau de Landerneau ,5 C à 39 C  Bureaux du Contrôle des actes
20 C - Bureau de Landivisiau ,5 C à 39 C  Bureaux du Contrôle des actes
21 C - Bureau de Lanmeur ,5 C à 39 C  Bureaux du Contrôle des actes
22 C - Bureau de Lannilis ,5 C à 39 C  Bureaux du Contrôle des actes
23 C - Bureau de Laz ,5 C à 39 C  Bureaux du Contrôle des actes
24 C - Bureau de Lesneven ,5 C à 39 C  Bureaux du Contrôle des actes
25 C - Bureau de Locronan ,5 C à 39 C  Bureaux du Contrôle des actes
26 C - Bureau de Morlaix ,5 C à 39 C  Bureaux du Contrôle des actes
27 C - Bureau de Plouescat ,5 C à 39 C  Bureaux du Contrôle des actes
28 C - Bureau de Pont-Aven ,5 C à 39 C  Bureaux du Contrôle des actes
29 C - Bureau de Pont-Croix ,5 C à 39 C  Bureaux du Contrôle des actes
30 C - Bureau de Pont-l'Abbé ,5 C à 39 C  Bureaux du Contrôle des actes
31 C - Bureau de Quimper ,5 C à 39 C  Bureaux du Contrôle des actes
32 C - Bureau de Quimperlé ,5 C à 39 C  Bureaux du Contrôle des actes
33 C - Bureau de Rosporden ,5 C à 39 C  Bureaux du Contrôle des actes
34 C - Bureau de Saint-Pol-de-Léon ,5 C à 39 C  Bureaux du Contrôle des actes
35 C - Bureau de Saint-Renan ,5 C à 39 C  Bureaux du Contrôle des actes
36 C - Bureau de Scrignac ,5 C à 39 C  Bureaux du Contrôle des actes
37 C - Bureau de Bannalec ,5 C à 39 C  Bureaux du Contrôle des actes
38 C - Bureau de Plonéour-Lanvern ,5 C à 39 C  Bureaux du Contrôle des actes
39 C - Bureau de Scaër ,5 C à 39 C  Bureaux du Contrôle des actes
"Série D  Instruction publique, sciences et arts (archives anciennes)",Archives publiques
Articles D 1 à D 50 ,"Série D  Instruction publique, sciences et arts (archives anciennes)"
Articles D 1 à D 96 ,"Série D  Instruction publique, sciences et arts (archives anciennes)"
Série E  Féodalité. Communes. Bourgeoisie. Famille. État civil. Officiers publics et ministériels. Commissaires- priseurs (toutes périodes),Archives publiques
1 E - Familles ,Série E  Féodalité. Communes. Bourgeoisie. Famille. État civil. Officiers publics et ministériels. Commissaires- priseurs (toutes périodes)
2 E - Communautés de villes et corporations (fonds partiellement classé),Série E  Féodalité. Communes. Bourgeoisie. Famille. État civil. Officiers publics et ministériels. Commissaires- priseurs (toutes périodes)
3 E - Etat civil ,Série E  Féodalité. Communes. Bourgeoisie. Famille. État civil. Officiers publics et ministériels. Commissaires- priseurs (toutes périodes)
3 E 1 - Argol ,3 E - Etat civil 
3 E 2 - Arzano ,3 E - Etat civil 
3 E 3 - Audierne ,3 E - Etat civil 
3 E 4 - Bannalec ,3 E - Etat civil 
3 E 5 - Baye ,3 E - Etat civil 
3 E 6 - Bénodet ,3 E - Etat civil 
3 E 7 - Berrien ,3 E - Etat civil 
3 E 8 - Beuzec-Cap-Caval ,3 E - Etat civil 
3 E 9 - Beuzec-Cap-Sizun ,3 E - Etat civil 
3 E 10 - Beuzec-Conq ,3 E - Etat civil 
3 E 11 - Beuzit ,3 E - Etat civil 
3 E 12 - Bodilis ,3 E - Etat civil 
3 E 13 - Bodivit ,3 E - Etat civil 
3 E 14 - Bohars ,3 E - Etat civil 
3 E 15 - Bolazec ,3 E - Etat civil 
3 E 16 - Botmeur ,3 E - Etat civil 
3 E 17 - Botsorhel ,3 E - Etat civil 
3 E 18 - Bourg-Blanc ,3 E - Etat civil 
3 E 19 - Brasparts ,3 E - Etat civil 
3 E 20 - Brélès ,3 E - Etat civil 
3 E 21 - Brennilis ,3 E - Etat civil 
3 E 22 - Brest (Le Château) ,3 E - Etat civil 
3 E 23 - Brest (Saint-Louis) ,3 E - Etat civil 
3 E 24 - Brest (Sept-Saints) ,3 E - Etat civil 
3 E 25 - Brest (Hôpital) ,3 E - Etat civil 
3 E 26 - Brest (Hôpital de Recouvrance) ,3 E - Etat civil 
3 E 27 - Brest (Refuge royal de la Marine) ,3 E - Etat civil 
3 E 28 - Brest (Recouvrance) ,3 E - Etat civil 
3 E 29 - Brest ,3 E - Etat civil 
3 E 30 - Bréventec ,3 E - Etat civil 
3 E 31 - Briec ,3 E - Etat civil 
3 E 32 - Brignogan ,3 E - Etat civil 
3 E 33 - Brouennou ,3 E - Etat civil 
3 E 34 - Cadol ,3 E - Etat civil 
3 E 35 - Camaret ,3 E - Etat civil 
3 E 36 - Carantec ,3 E - Etat civil 
3 E 37 - Carhaix ,3 E - Etat civil 
3 E 38 - Cast ,3 E - Etat civil 
3 E 39 - Châteaulin ,3 E - Etat civil 
3 E 40 - Châteauneuf-du-Faou ,3 E - Etat civil 
3 E 41 - Cléden-Cap-Sizun ,3 E - Etat civil 
3 E 42 - Cléden-Poher ,3 E - Etat civil 
3 E 43 - Cléder ,3 E - Etat civil 
3 E 44 - Clohars-Carnoët ,3 E - Etat civil 
3 E 45 - Clohars-Fouesnant ,3 E - Etat civil 
3 E 46 - Le Cloître-Pleyben ,3 E - Etat civil 
3 E 47 - Le Cloître-Saint-Thégonnec ,3 E - Etat civil 
3 E 48 - Coat-Méal ,3 E - Etat civil 
3 E 49 - Coat-Quéau ,3 E - Etat civil 
3 E 50 - Collorec ,3 E - Etat civil 
3 E 51 - Combrit ,3 E - Etat civil 
3 E 52 - Commana ,3 E - Etat civil 
3 E 53 - Concarneau ,3 E - Etat civil 
3 E 54 - Le Conquet ,3 E - Etat civil 
3 E 55 - Coray ,3 E - Etat civil 
3 E 56 - Crozon ,3 E - Etat civil 
3 E 57 - Cuzon ,3 E - Etat civil 
3 E 58 - Daoulas ,3 E - Etat civil 
3 E 59 - Dinéault ,3 E - Etat civil 
3 E 60 - Dirinon ,3 E - Etat civil 
3 E 61 - Douarnenez ,3 E - Etat civil 
3 E 62 - Le Drennec ,3 E - Etat civil 
3 E 63 - Édern ,3 E - Etat civil 
3 E 64 - Elliant ,3 E - Etat civil 
3 E 65 - Ergué-Armel ,3 E - Etat civil 
3 E 66 - Ergué-Gabéric ,3 E - Etat civil 
3 E 67 - Esquibien ,3 E - Etat civil 
3 E 68 - Le Faou ,3 E - Etat civil 
3 E 69 - La Feuillée ,3 E - Etat civil 
3 E 70 - Le Folgoët ,3 E - Etat civil 
3 E 71 - La Forest-Landerneau ,3 E - Etat civil 
3 E 72 - La Forêt-Fouesnant ,3 E - Etat civil 
3 E 73 - Fouesnant ,3 E - Etat civil 
3 E 74 - Garlan ,3 E - Etat civil 
3 E 75 - Gouesnac'h ,3 E - Etat civil 
3 E 76 - Gouesnou ,3 E - Etat civil 
3 E 77 - Gouézec ,3 E - Etat civil 
3 E 78 - Goulien ,3 E - Etat civil 
3 E 79 - Goulven ,3 E - Etat civil 
3 E 80 - Gourlizon ,3 E - Etat civil 
3 E 81 - Guellevain ,3 E - Etat civil 
3 E 82 - Guengat ,3 E - Etat civil 
3 E 83 - Guerlesquin ,3 E - Etat civil 
3 E 84 - Guiclan ,3 E - Etat civil 
3 E 85 - Guicquelleau ,3 E - Etat civil 
3 E 86 - Guiler-sur-Goyen ,3 E - Etat civil 
3 E 87 - Guilers ,3 E - Etat civil 
3 E 88 - Guilligomarc'h ,3 E - Etat civil 
3 E 89 - Le Guilvinec ,3 E - Etat civil 
3 E 90 - Guimaëc ,3 E - Etat civil 
3 E 91 - Guimiliau ,3 E - Etat civil 
3 E 92 - Guipavas ,3 E - Etat civil 
3 E 93 - Guipronvel ,3 E - Etat civil 
3 E 94 - Guissény ,3 E - Etat civil 
3 E 95 - Hanvec ,3 E - Etat civil 
3 E 96 - Henvic ,3 E - Etat civil 
3 E 97 - Hôpital-Camfrout ,3 E - Etat civil 
3 E 98 - Huelgoat ,3 E - Etat civil 
3 E 99 - Île de Batz ,3 E - Etat civil 
3 E 100 - Île de Sein ,3 E - Etat civil 
3 E 101 - Île Molène ,3 E - Etat civil 
3 E 102 - Île-Tudy,3 E - Etat civil 
3 E 103 - Irvillac ,3 E - Etat civil 
3 E 104 - Le Juch ,3 E - Etat civil 
3 E 105 - Kerfeunteun ,3 E - Etat civil 
3 E 106 - Kergloff ,3 E - Etat civil 
3 E 107 - Kerlaz ,3 E - Etat civil 
3 E 108 - Kerlouan ,3 E - Etat civil 
3 E 109 - Kernével ,3 E - Etat civil 
3 E 110 - Kernilis ,3 E - Etat civil 
3 E 111 - Kernouës ,3 E - Etat civil 
3 E 112 - Kersaint-Plabennec ,3 E - Etat civil 
3 E 113 - Lababan ,3 E - Etat civil 
3 E 114 - Lamber ,3 E - Etat civil 
3 E 115 - Lambézellec ,3 E - Etat civil 
3 E 116 - Lambour ,3 E - Etat civil 
3 E 117 - Lampaul-Guimiliau ,3 E - Etat civil 
3 E 118 - Lampaul-Plouarzel ,3 E - Etat civil 
3 E 119 - Lampaul-Ploudalmézeau ,3 E - Etat civil 
3 E 120 - Lanarvily ,3 E - Etat civil 
3 E 121 - Landéda ,3 E - Etat civil 
3 E 122 - Landeleau ,3 E - Etat civil 
3 E 123 - Landerneau (Saint-Houardon) ,3 E - Etat civil 
3 E 124 - Landerneau (Saint-Julien) ,3 E - Etat civil 
3 E 125 - Landerneau (Saint-Thomas) ,3 E - Etat civil 
3 E 126 - Landerneau ,3 E - Etat civil 
3 E 127 - Landévennec ,3 E - Etat civil 
3 E 128 - Landivisiau ,3 E - Etat civil 
3 E 129 - Landrévarzec ,3 E - Etat civil 
3 E 130 - Landudal ,3 E - Etat civil 
3 E 131 - Landudec ,3 E - Etat civil 
3 E 132 - Landunvez ,3 E - Etat civil 
3 E 133 - Langolen ,3 E - Etat civil 
3 E 134 - Languengar ,3 E - Etat civil 
3 E 135 - Lanhouarneau ,3 E - Etat civil 
3 E 136 - Lanildut ,3 E - Etat civil 
3 E 137 - Lanmeur ,3 E - Etat civil 
3 E 138 - Lannéanou ,3 E - Etat civil 
3 E 139 - Lannédern ,3 E - Etat civil 
3 E 140 - Lanneufret ,3 E - Etat civil 
3 E 141 - Lannilis ,3 E - Etat civil 
3 E 142 - Lanriec ,3 E - Etat civil 
3 E 143 - Lanrivoaré ,3 E - Etat civil 
3 E 144 - Lanvéoc ,3 E - Etat civil 
3 E 145 - Lanvern ,3 E - Etat civil 
3 E 146 - Lanvoy ,3 E - Etat civil 
3 E 147 - Larret ,3 E - Etat civil 
3 E 148 - Laz ,3 E - Etat civil 
3 E 149 - Lennon ,3 E - Etat civil 
3 E 150 - Lesneven ,3 E - Etat civil 
3 E 151 - Leuhan ,3 E - Etat civil 
3 E 152 - Locaman ,3 E - Etat civil 
3 E 153 - Loc-Brévalaire ,3 E - Etat civil 
3 E 154 - Loc-Éguiner ,3 E - Etat civil 
3 E 155 - Loc-Éguiner-Saint-Thégonnec ,3 E - Etat civil 
3 E 156 - Lochrist ,3 E - Etat civil 
3 E 157 - Locmaria-an-Hent ,3 E - Etat civil 
3 E 158 - Locmaria-Berrien ,3 E - Etat civil 
3 E 159 - Locmaria-Plouzané ,3 E - Etat civil 
3 E 160 - Locmaria-Quimper ,3 E - Etat civil 
3 E 161 - Locmélar ,3 E - Etat civil 
3 E 162 - Locquénolé ,3 E - Etat civil 
3 E 163 - Locquirec ,3 E - Etat civil 
3 E 164 - Locronan ,3 E - Etat civil 
3 E 165 - Loctudy ,3 E - Etat civil 
3 E 166 - Locunolé ,3 E - Etat civil 
3 E 167 - Logonna-Daoulas ,3 E - Etat civil 
3 E 168 - Logonna-Quimerc'h ,3 E - Etat civil 
3 E 169 - Lopérec ,3 E - Etat civil 
3 E 170 - Loperhet ,3 E - Etat civil 
3 E 171 - Loqueffret ,3 E - Etat civil 
3 E 172 - Lothéa ,3 E - Etat civil 
3 E 173 - Lothey ,3 E - Etat civil 
3 E 174 - Mahalon ,3 E - Etat civil 
3 E 175 - La Martyre ,3 E - Etat civil 
3 E 176 - Meilars ,3 E - Etat civil 
3 E 177 - Melgven ,3 E - Etat civil 
3 E 178 - Mellac ,3 E - Etat civil 
3 E 179 - Mespaul ,3 E - Etat civil 
3 E 180 - Milizac ,3 E - Etat civil 
3 E 181 - Moëlan ,3 E - Etat civil 
3 E 182 - Morlaix (Saint-Martin) ,3 E - Etat civil 
3 E 183 - Morlaix (Saint-Mathieu) ,3 E - Etat civil 
3 E 184 - Morlaix (Saint-Mélaine) ,3 E - Etat civil 
3 E 185 - Morlaix (Hôpital) ,3 E - Etat civil 
3 E 186 - Morlaix (Notre-Dame) ,3 E - Etat civil 
3 E 187 - Morlaix (Ursulines) ,3 E - Etat civil 
3 E 188 - Morlaix ,3 E - Etat civil 
3 E 189 - Motreff ,3 E - Etat civil 
3 E 190 - Le Moustoir ,3 E - Etat civil 
3 E 191 - Névez ,3 E - Etat civil 
3 E 192 - Nizon ,3 E - Etat civil 
3 E 193 - Ouessant ,3 E - Etat civil 
3 E 194 - Pencran ,3 E - Etat civil 
3 E 195 - Penhars ,3 E - Etat civil 
3 E 196 - Penmarc'h ,3 E - Etat civil 
3 E 197 - Le Perguet ,3 E - Etat civil 
3 E 198 - Peumerit ,3 E - Etat civil 
3 E 199 - Plabennec ,3 E - Etat civil 
3 E 200 - Pleuven ,3 E - Etat civil 
3 E 201 - Pleyben ,3 E - Etat civil 
3 E 202 - Pleyber-Christ ,3 E - Etat civil 
3 E 203 - Ploaré ,3 E - Etat civil 
3 E 204 - Plobannalec ,3 E - Etat civil 
3 E 205 - Ploéven ,3 E - Etat civil 
3 E 206 - Plogastel-Saint-Germain ,3 E - Etat civil 
3 E 207 - Plogoff ,3 E - Etat civil 
3 E 208 - Plogonnec ,3 E - Etat civil 
3 E 209 - Plomelin ,3 E - Etat civil 
3 E 210 - Plomeur ,3 E - Etat civil 
3 E 211 - Plomodiern ,3 E - Etat civil 
3 E 212 - Plonéis ,3 E - Etat civil 
3 E 213 - Plonéour-Lanvern ,3 E - Etat civil 
3 E 214 - Plonévez-du-Faou ,3 E - Etat civil 
3 E 215 - Plonévez-Porzay ,3 E - Etat civil 
3 E 216 - Plonivel ,3 E - Etat civil 
3 E 217 - Plouarzel ,3 E - Etat civil 
3 E 218 - Ploudalmézeau ,3 E - Etat civil 
3 E 219 - Ploudaniel ,3 E - Etat civil 
3 E 220 - Ploudiry ,3 E - Etat civil 
3 E 221 - Plouédern ,3 E - Etat civil 
3 E 222 - Plouégat-Guérand ,3 E - Etat civil 
3 E 223 - Plouégat-Moysan ,3 E - Etat civil 
3 E 224 - Plouénan ,3 E - Etat civil 
3 E 225 - Plouescat ,3 E - Etat civil 
3 E 226 - Plouezoc'h ,3 E - Etat civil 
3 E 227 - Plougar ,3 E - Etat civil 
3 E 228 - Plougasnou ,3 E - Etat civil 
3 E 229 - Plougastel-Daoulas ,3 E - Etat civil 
3 E 230 - Plougonvelin ,3 E - Etat civil 
3 E 231 - Plougonven ,3 E - Etat civil 
3 E 232 - Plougoulm ,3 E - Etat civil 
3 E 233 - Plougourvest ,3 E - Etat civil 
3 E 234 - Plouguer ,3 E - Etat civil 
3 E 235 - Plouguerneau ,3 E - Etat civil 
3 E 236 - Plouguin ,3 E - Etat civil 
3 E 237 - Plouhinec ,3 E - Etat civil 
3 E 238 - Plouider ,3 E - Etat civil 
3 E 239 - Plouigneau ,3 E - Etat civil 
3 E 240 - Ploujean ,3 E - Etat civil 
3 E 241 - Ploumoguer ,3 E - Etat civil 
3 E 242 - Plounéour-Ménez ,3 E - Etat civil 
3 E 243 - Plounéour-Trez ,3 E - Etat civil 
3 E 244 - Plounéventer ,3 E - Etat civil 
3 E 245 - Plounévézel ,3 E - Etat civil 
3 E 246 - Plounévez-Lochrist ,3 E - Etat civil 
3 E 247 - Plourin-lès-Morlaix ,3 E - Etat civil 
3 E 248 - Plourin ,3 E - Etat civil 
3 E 249 - Plouvien ,3 E - Etat civil 
3 E 250 - Plouvorn ,3 E - Etat civil 
3 E 251 - Plouyé ,3 E - Etat civil 
3 E 252 - Plouzané ,3 E - Etat civil 
3 E 253 - Plouzévédé ,3 E - Etat civil 
3 E 254 - Plovan ,3 E - Etat civil 
3 E 255 - Plozévet ,3 E - Etat civil 
3 E 256 - Pluguffan ,3 E - Etat civil 
3 E 257 - Pont-Aven ,3 E - Etat civil 
3 E 258 - Pont-Christ ,3 E - Etat civil 
3 E 259 - Pont-Croix ,3 E - Etat civil 
3 E 261 - Pont-du-Châtel ,3 E - Etat civil 
3 E 262 - Le Ponthou ,3 E - Etat civil 
3 E 263 - Pont-l'Abbé ,3 E - Etat civil 
3 E 264 - Porspoder ,3 E - Etat civil 
3 E 265 - Port-Launay ,3 E - Etat civil 
3 E 266 - Pouldavid-sur-Mer ,3 E - Etat civil 
3 E 267 - Pouldergat ,3 E - Etat civil 
3 E 268 - Pouldreuzic ,3 E - Etat civil 
3 E 269 - Poullan ,3 E - Etat civil 
3 E 270 - Poullaouen ,3 E - Etat civil 
3 E 271 - Primelin ,3 E - Etat civil 
3 E 272 - Quéménéven ,3 E - Etat civil 
3 E 273 - Quéran ,3 E - Etat civil 
3 E 274 - Querrien ,3 E - Etat civil 
3 E 275 - Quilinen ,3 E - Etat civil 
3 E 276 - Le Quilliou ,3 E - Etat civil 
3 E 277 - Quimerc'h ,3 E - Etat civil 
3 E 278 - Quimper (Saint-Corentin (Les Sept paroisses)) ,3 E - Etat civil 
3 E 279 - Quimper (Notre-Dame-de-la-Chandeleur) ,3 E - Etat civil 
3 E 280 - Quimper (Saint-Esprit et Lanniron) ,3 E - Etat civil 
3 E 281 - Quimper (Saint-Julien) ,3 E - Etat civil 
3 E 282 - Quimper (Saint-Mathieu) ,3 E - Etat civil 
3 E 283 - Quimper (Saint-Ronan) ,3 E - Etat civil 
3 E 284 - Quimper (Saint-Sauveur) ,3 E - Etat civil 
3 E 285 - Quimper ,3 E - Etat civil 
3 E 286 - Quimperlé (Saint-Colomban) ,3 E - Etat civil 
3 E 287 - Quimperlé (Saint-Michel) ,3 E - Etat civil 
3 E 288 - Quimperlé (Hôpital de la Charité) ,3 E - Etat civil 
3 E 289 - Quimperlé ,3 E - Etat civil 
3 E 290 - Rédéné ,3 E - Etat civil 
3 E 291 - Le Relecq-Kerhuon ,3 E - Etat civil 
3 E 292 - Riec-sur-Belon ,3 E - Etat civil 
3 E 293 - La Roche-Maurice ,3 E - Etat civil 
3 E 294 - Roscanvel ,3 E - Etat civil 
3 E 295 - Roscoff ,3 E - Etat civil 
3 E 296 - Rosnoën ,3 E - Etat civil 
3 E 297 - Rosporden ,3 E - Etat civil 
3 E 298 - Rumengol ,3 E - Etat civil 
3 E 299 - Saint-Coulitz ,3 E - Etat civil 
3 E 300 - Saint-David ,3 E - Etat civil 
3 E 301 - Saint-Derrien ,3 E - Etat civil 
3 E 302 - Saint-Divy ,3 E - Etat civil 
3 E 303 - Saint-Éloy ,3 E - Etat civil 
3 E 304 - Saint-Eutrope ,3 E - Etat civil 
3 E 305 - Saint-Évarzec ,3 E - Etat civil 
3 E 306 - Saint-Frégant ,3 E - Etat civil 
3 E 307 - Saint-Goazec ,3 E - Etat civil 
3 E 308 - Saint-Guénolé ,3 E - Etat civil 
3 E 309 - Saint-Hernin ,3 E - Etat civil 
3 E 310 - Saint-Honoré ,3 E - Etat civil 
3 E 311 - Saint-Idunet ,3 E - Etat civil 
3 E 312 - Saint-Jean-du-Doigt ,3 E - Etat civil 
3 E 313 - Saint-Jean-Trolimon ,3 E - Etat civil 
3 E 314 - Saint-Marc ,3 E - Etat civil 
3 E 315 - Saint-Martin-des-Champs ,3 E - Etat civil 
3 E 316 - Saint-Mathieu-de-Fine-Terre ,3 E - Etat civil 
3 E 317 - Saint-Méen ,3 E - Etat civil 
3 E 318 - Saint-Nic ,3 E - Etat civil 
3 E 319 - Saint-Pabu ,3 E - Etat civil 
3 E 320 - Saint-Pierre-Quilbignon ,3 E - Etat civil 
3 E 321 - Saint-Pol-de-Léon ,3 E - Etat civil 
3 E 322 - Saint-Pol-de-Léon (Carmes) ,3 E - Etat civil 
3 E 323 - Saint-Pol-de-Léon (Hôpital) ,3 E - Etat civil 
3 E 324 - Saint-Pol-de-Léon (Kreisker) ,3 E - Etat civil 
3 E 325 - Saint-Pol-de-Léon (Révérends pères Minimes) ,3 E - Etat civil 
3 E 326 - Saint-Quijeau ,3 E - Etat civil 
3 E 327 - Saint-Renan ,3 E - Etat civil 
3 E 328 - Saint-Rivoal ,3 E - Etat civil 
3 E 329 - Saint-Sauveur ,3 E - Etat civil 
3 E 330 - Saint-Ségal ,3 E - Etat civil 
3 E 331 - Saint-Servais ,3 E - Etat civil 
3 E 332 - Saint-Thégonnec ,3 E - Etat civil 
3 E 333 - Saint-Thois ,3 E - Etat civil 
3 E 334 - Saint-Thonan ,3 E - Etat civil 
3 E 335 - Saint-Thurien ,3 E - Etat civil 
3 E 336 - Saint-Tudec ,3 E - Etat civil 
3 E 337 - Saint-Urbain ,3 E - Etat civil 
3 E 338 - Saint-Vougay ,3 E - Etat civil 
3 E 339 - Saint-Yvi ,3 E - Etat civil 
3 E 340 - Sainte-Catherine (évêché de Léon) ,3 E - Etat civil 
3 E 341 - Sainte-Catherine (évêché de Cornouaille) ,3 E - Etat civil 
3 E 342 - Sainte-Sève ,3 E - Etat civil 
3 E 343 - Santec ,3 E - Etat civil 
3 E 344 - Scaër ,3 E - Etat civil 
3 E 345 - Scrignac ,3 E - Etat civil 
3 E 346 - Sibiril ,3 E - Etat civil 
3 E 347 - Sizun ,3 E - Etat civil 
3 E 348 - Spézet ,3 E - Etat civil 
3 E 349 - Taulé ,3 E - Etat civil 
3 E 350 - Telgruc ,3 E - Etat civil 
3 E 351 - Tourc'h ,3 E - Etat civil 
3 E 352 - Trébabu ,3 E - Etat civil 
3 E 353 - Trébalay ,3 E - Etat civil 
3 E 354 - Tréboul ,3 E - Etat civil 
3 E 355 - Treffiagat ,3 E - Etat civil 
3 E 356 - Treflaouénan ,3 E - Etat civil 
3 E 357 - Treflévénez ,3 E - Etat civil 
3 E 358 - Tréflez (évêché de Cornouaille) ,3 E - Etat civil 
3 E 359 - Tréflez (évêché de Léon) ,3 E - Etat civil 
3 E 360 - Trégarantec ,3 E - Etat civil 
3 E 361 - Trégarvan ,3 E - Etat civil 
3 E 362 - Tréglonou ,3 E - Etat civil 
3 E 363 - Trégourez ,3 E - Etat civil 
3 E 364 - Tréguennec ,3 E - Etat civil 
3 E 365 - Trégunc ,3 E - Etat civil 
3 E 366 - Le Tréhou ,3 E - Etat civil 
3 E 367 - Trélivalaire ,3 E - Etat civil 
3 E 368 - Trémaouézan ,3 E - Etat civil 
3 E 369 - Tréménech ,3 E - Etat civil 
3 E 370 - Tréméoc ,3 E - Etat civil 
3 E 371 - Tréméven ,3 E - Etat civil 
3 E 372 - Tréogat ,3 E - Etat civil 
3 E 373 - Tréouergat ,3 E - Etat civil 
3 E 374 - Trévarn ,3 E - Etat civil 
3 E 375 - Trévereur ,3 E - Etat civil 
3 E 376 - Le Trévoux ,3 E - Etat civil 
3 E 377 - Trézilidé ,3 E - Etat civil 
4 E - Notaires ,Série E  Féodalité. Communes. Bourgeoisie. Famille. État civil. Officiers publics et ministériels. Commissaires- priseurs (toutes périodes)
5 E - Tables décennales ,Série E  Féodalité. Communes. Bourgeoisie. Famille. État civil. Officiers publics et ministériels. Commissaires- priseurs (toutes périodes)
6 E - Commissaires-priseurs ,Série E  Féodalité. Communes. Bourgeoisie. Famille. État civil. Officiers publics et ministériels. Commissaires- priseurs (toutes périodes)
7 E - Pièces annexes de l'état civil ,Série E  Féodalité. Communes. Bourgeoisie. Famille. État civil. Officiers publics et ministériels. Commissaires- priseurs (toutes périodes)
Série E Dépôt  Archives communales déposées,Archives publiques
Série ETP  Fonds particuliers d'établissements et organismes publics (toutes périodes),Archives publiques
"1 ETP - Banque de France, succursale de Morlaix ",Série ETP  Fonds particuliers d'établissements et organismes publics (toutes périodes)
"2 ETP - Banque de France, succursale de Brest ",Série ETP  Fonds particuliers d'établissements et organismes publics (toutes périodes)
"3 ETP - Banque de France, succursale de Quimper ",Série ETP  Fonds particuliers d'établissements et organismes publics (toutes périodes)
4 ETP - Manufacture des tabacs de Morlaix ,Série ETP  Fonds particuliers d'établissements et organismes publics (toutes périodes)
Série Fi  Documents figurés entrés par voie extraordinaire (archives privées),Archives privées
1 Fi - Collection de plaques de verre. XIXe-XXe siècles ,Série Fi  Documents figurés entrés par voie extraordinaire (archives privées)
2 Fi - Collection de cartes postales. XIXe-XXe siècles ,Série Fi  Documents figurés entrés par voie extraordinaire (archives privées)
3 Fi - Tirages photographiques au format supérieur ou égal à 24 x 30 cm. XIXe-XXe siècles ,Série Fi  Documents figurés entrés par voie extraordinaire (archives privées)
4 Fi - Tirages photographiques au format inférieur à 24 x 30 cm. XIXe-XXe siècles ,Série Fi  Documents figurés entrés par voie extraordinaire (archives privées)
5 Fi - Négatifs photographiques. XIXe-XXe siècles ,Série Fi  Documents figurés entrés par voie extraordinaire (archives privées)
6 Fi - Diapositives. XXe siècle ,Série Fi  Documents figurés entrés par voie extraordinaire (archives privées)
7 Fi - Cartes et plans au format supérieur ou égal à 24 x 30 cm. XVIe-XXe siècles ,Série Fi  Documents figurés entrés par voie extraordinaire (archives privées)
8 Fi - Cartes et plans au format inférieur à 24 x 30 cm. XVIe-XXe siècles ,Série Fi  Documents figurés entrés par voie extraordinaire (archives privées)
"9 Fi - Cartes et plans en album, atlas. XVIIe-XXe siècles ",Série Fi  Documents figurés entrés par voie extraordinaire (archives privées)
"10 Fi - Dessins, gravures, estampes et lithographies au format supérieur ou égal à 24 x 30 cm ",Série Fi  Documents figurés entrés par voie extraordinaire (archives privées)
"11 Fi - Dessins, gravures, estampes et lithographies au format inférieur à 24 x 30 cm. XVIe-XXe siècles ",Série Fi  Documents figurés entrés par voie extraordinaire (archives privées)
12 Fi - Affiches au format supérieur ou égal à 24 x 30 cm. XIXe-XXIe siècles ,Série Fi  Documents figurés entrés par voie extraordinaire (archives privées)
13 Fi - Affiches au format inférieur à 24 x 30 cm. XIXe-XXIe siècles ,Série Fi  Documents figurés entrés par voie extraordinaire (archives privées)
14 Fi - Collection Godineau. Début XXe siècle ,Série Fi  Documents figurés entrés par voie extraordinaire (archives privées)
15 Fi - Collection Abgrall. XIXe-XXe siècles ,Série Fi  Documents figurés entrés par voie extraordinaire (archives privées)
16 Fi - Fonds Chauffy. XIXe-XXe siècles ,Série Fi  Documents figurés entrés par voie extraordinaire (archives privées)
17 Fi - Fonds Le Doaré. Sans date ,Série Fi  Documents figurés entrés par voie extraordinaire (archives privées)
18 Fi - Dessins de Pierre Cavellat. [1930]-[1947] ,Série Fi  Documents figurés entrés par voie extraordinaire (archives privées)
19 Fi - Fonds Robert. 1933-1934 ,Série Fi  Documents figurés entrés par voie extraordinaire (archives privées)
20 Fi - Photographies aériennes (mission I. G. N.). 1952 ,Série Fi  Documents figurés entrés par voie extraordinaire (archives privées)
21 Fi - Fonds Villard. XXe siècle ,Série Fi  Documents figurés entrés par voie extraordinaire (archives privées)
22 Fi - Fonds Gouiffès. XXe siècle ,Série Fi  Documents figurés entrés par voie extraordinaire (archives privées)
23 Fi - Fonds Alfred Gandilhon. 1927 ,Série Fi  Documents figurés entrés par voie extraordinaire (archives privées)
"24 Fi - Photographies ""Voyage en Bretagne"" de Furne et Tournier. [vers 1857] ",Série Fi  Documents figurés entrés par voie extraordinaire (archives privées)
"25 Fi - Collection ""Albums de Bretagne"", par Villard. Fin XIXe siècle ",Série Fi  Documents figurés entrés par voie extraordinaire (archives privées)
26 Fi - Fonds Jean Ribière. 1947-1971 ,Série Fi  Documents figurés entrés par voie extraordinaire (archives privées)
27 Fi - Fonds Caoudal. 1950-2000 ,Série Fi  Documents figurés entrés par voie extraordinaire (archives privées)
28 Fi - Collection de sceaux détachés. XIIIe-XVIIIe siècles ,Série Fi  Documents figurés entrés par voie extraordinaire (archives privées)
29 Fi - Fonds abbé Jean Feutren. XXe siècle ,Série Fi  Documents figurés entrés par voie extraordinaire (archives privées)
30 Fi - Photographies de la maison de retraite de Saint-Thégonnec. XXe siècle ,Série Fi  Documents figurés entrés par voie extraordinaire (archives privées)
31 Fi - Fonds Pierre Priol. Milieu XXe siècle ,Série Fi  Documents figurés entrés par voie extraordinaire (archives privées)
32 Fi - Fonds Fiorella Giovanni. 2009 ,Série Fi  Documents figurés entrés par voie extraordinaire (archives privées)
"33 Fi - Collection de plaques de verre photographiques, et fonds Émile Hamonic. [début XXe] ",Série Fi  Documents figurés entrés par voie extraordinaire (archives privées)
34 Fi - Fonds du studio Baranger. 1960-1970 ,Série Fi  Documents figurés entrés par voie extraordinaire (archives privées)
35 Fi - Fonds Perardel. 1903-1907 ,Série Fi  Documents figurés entrés par voie extraordinaire (archives privées)
36 Fi - Fonds Marcel Chevret. 1985-1986 ,Série Fi  Documents figurés entrés par voie extraordinaire (archives privées)
37 Fi - Plaques de verre de la Première Guerre mondiale (collection La Stéréoscopie Universelle). 1914-1920 ,Série Fi  Documents figurés entrés par voie extraordinaire (archives privées)
38 Fi - Fonds René Kirner. 1963-1986 ,Série Fi  Documents figurés entrés par voie extraordinaire (archives privées)
39 Fi - Fonds Adolphe Bedel du Tertre. • [1900]-[1914] ,Série Fi  Documents figurés entrés par voie extraordinaire (archives privées)
"40 Fi - Plans de vitraux de Jean-Pierre Le Bihan, maître-verrier ",Série Fi  Documents figurés entrés par voie extraordinaire (archives privées)
41 Fi - Collection d'affiches Le Brun ,Série Fi  Documents figurés entrés par voie extraordinaire (archives privées)
42 Fi - Fonds de l'architecte Pierre-Jean Guth ,Série Fi  Documents figurés entrés par voie extraordinaire (archives privées)
43 Fi - Fonds photographique Gourlay. 1944-1991 ,Série Fi  Documents figurés entrés par voie extraordinaire (archives privées)
44 Fi - Fonds anonyme de plaques de verre stéréoscopiques. [fin XIXe]-[1912] ,Série Fi  Documents figurés entrés par voie extraordinaire (archives privées)
45 Fi - Fonds photographique Raymond Wargnies. Juillet 1936 ,Série Fi  Documents figurés entrés par voie extraordinaire (archives privées)
46 Fi - Fonds d'affiches de l'atelier de sérigraphie Kan-ar-Mor de Douarnenez.,Série Fi  Documents figurés entrés par voie extraordinaire (archives privées)
47 Fi - Fonds Pierre Pailler. [1961]-[1980] ,Série Fi  Documents figurés entrés par voie extraordinaire (archives privées)
48 Fi - Affiches du festival de cinéma de Douarnenez. 2012-2017 ,Série Fi  Documents figurés entrés par voie extraordinaire (archives privées)
49 Fi - Fonds Malpertu. 1967-2017 ,Série Fi  Documents figurés entrés par voie extraordinaire (archives privées)
50 Fi - Fonds d'affiches de l'Association Ti ar Vro Kemper. [1980]-[2000] ,Série Fi  Documents figurés entrés par voie extraordinaire (archives privées)
51 Fi - Fonds photographique Yann Gautron ,Série Fi  Documents figurés entrés par voie extraordinaire (archives privées)
"52 Fi - Fonds photographique Micheriou Koz, les vieux métiers de Bretagne. [1970]-[2000] ",Série Fi  Documents figurés entrés par voie extraordinaire (archives privées)
"53 Fi - Fonds du studio photographique Georges Mesgouez, de Carhaix. 1949-[2000] ",Série Fi  Documents figurés entrés par voie extraordinaire (archives privées)
"54 Fi - Fonds photographique Joncour-Nézet, de Brasparts. [début XXe] ",Série Fi  Documents figurés entrés par voie extraordinaire (archives privées)
55 Fi - Fonds Eric Leveque. 1981 ,Série Fi  Documents figurés entrés par voie extraordinaire (archives privées)
56 Fi - Collection Pétillon. [début XXe].,Série Fi  Documents figurés entrés par voie extraordinaire (archives privées)
57 Fi - Fonds anonyme de plaques de verre stéréoscopiques. (1903-1946).,Série Fi  Documents figurés entrés par voie extraordinaire (archives privées)
58 Fi - Fonds Charpy. [milieu XXe] ,Série Fi  Documents figurés entrés par voie extraordinaire (archives privées)
59 Fi - Fonds des affiches de théâtre de la Compagnie Penn-ar-Bed. 1974-2012 ,Série Fi  Documents figurés entrés par voie extraordinaire (archives privées)
"60 Fi - Fonds Reine et Francis Ollivier-Burel, photographes à Scaër. 1922-1991 ",Série Fi  Documents figurés entrés par voie extraordinaire (archives privées)
61 Fi - Fonds de la Société française de photographies aériennes (SPHAIR). 1984-2004 ,Série Fi  Documents figurés entrés par voie extraordinaire (archives privées)
Série G  Clergé séculier (archives anciennes),Archives publiques
1 G à 290 G ,Série G  Clergé séculier (archives anciennes)
1 G à 14 G - Fonds des diocèses ,Série G  Clergé séculier (archives anciennes)
15 G à 321 G - Fonds des paroisses ,Série G  Clergé séculier (archives anciennes)
Série H  Clergé régulier (archives anciennes),Archives publiques
1 H à 52 H ,Série H  Clergé régulier (archives anciennes)
"1 H à 5 H, 12 H, 14 H, 18 H, 23 H, 28 H, 35 H, 40 H, 41 H, 43 H, 52 H et 53 H ",Série H  Clergé régulier (archives anciennes)
Série H Dépôt  Archives hospitalières,Archives publiques
Série J  Archives privées (toutes périodes),Archives privées
"Série K  Lois, ordonnances, arrêtés (archives modernes)",Archives publiques
5 K ,"Série K  Lois, ordonnances, arrêtés (archives modernes)"
Série L  Administrations et tribunaux (archives de la période révolutionnaire),Archives publiques
1 L à 162 L ,Série L  Administrations et tribunaux (archives de la période révolutionnaire)
1 L 1 - Détails (collection générale des décrets rendus par l'Assemblée nationale) ,1 L à 162 L 
"1 L 2 - Détails (lois et décrets, scellés du sceau de l'Etat) ",1 L à 162 L 
Série M  Administration générale et économie (archives modernes),Archives publiques
1 M - Administration générale du département ,Série M  Administration générale et économie (archives modernes)
2 M - Personnel de la préfecture ,Série M  Administration générale et économie (archives modernes)
"3 M - Plébiscites, élections ",Série M  Administration générale et économie (archives modernes)
4 M - Police ,Série M  Administration générale et économie (archives modernes)
5 M - Santé publique et hygiène ,Série M  Administration générale et économie (archives modernes)
6 M - Population. Affaires économiques. Statistiques ,Série M  Administration générale et économie (archives modernes)
7 M - Agriculture. Eaux et forêts ,Série M  Administration générale et économie (archives modernes)
8 M - Commerce et tourisme ,Série M  Administration générale et économie (archives modernes)
9 M - Industrie ,Série M  Administration générale et économie (archives modernes)
10 M - Travail et main-d'œuvre ,Série M  Administration générale et économie (archives modernes)
Série N  Administration et comptabilité départementales (archives modernes),Archives publiques
1 N à 5 N ,Série N  Administration et comptabilité départementales (archives modernes)
Série Num  Reproductions numériques de documents d'archives (toutes périodes),Archives
1 Num ,Série Num  Reproductions numériques de documents d'archives (toutes périodes)
Série O  Administration et comptabilité communales (archives modernes),Archives publiques
1 O - Généralités et affaires intercommunales ,Série O  Administration et comptabilité communales (archives modernes)
1 O - Comptabilité communale (communes pas encore reclassées) ,Série O  Administration et comptabilité communales (archives modernes)
2 O - Dossiers d'administration communale (communes reclassées) ,Série O  Administration et comptabilité communales (archives modernes)
2 O 1 - Dossiers d'administration communale (communes pas encore reclassées) ,2 O - Dossiers d'administration communale (communes reclassées) 
3 O - Voirie vicinale ,Série O  Administration et comptabilité communales (archives modernes)
4 O - Dons et legs ,Série O  Administration et comptabilité communales (archives modernes)
Série P  Finances. Cadastre. Postes (archives modernes),Archives publiques
1 P - Trésor public ,Série P  Finances. Cadastre. Postes (archives modernes)
2 P - Contributions directes ,Série P  Finances. Cadastre. Postes (archives modernes)
3 P - Cadastre ,Série P  Finances. Cadastre. Postes (archives modernes)
4 P - Contributions indirectes ,Série P  Finances. Cadastre. Postes (archives modernes)
5 P - Douanes ,Série P  Finances. Cadastre. Postes (archives modernes)
6 P - Postes et télécommunications ,Série P  Finances. Cadastre. Postes (archives modernes)
Série Ph  Reproductions photographiques de documents d'archives (toutes périodes),Archives
1 Ph - Tirages photographiques de complément ,Série Ph  Reproductions photographiques de documents d'archives (toutes périodes)
Série Q  Domaine. Enregistrement. Hypothèques (archives des périodes révolutionnaire et moderne),Archives publiques
1 Q - Domaines nationaux ,Série Q  Domaine. Enregistrement. Hypothèques (archives des périodes révolutionnaire et moderne)
2 Q - Domaine ,Série Q  Domaine. Enregistrement. Hypothèques (archives des périodes révolutionnaire et moderne)
3 Q - Enregistrement ,Série Q  Domaine. Enregistrement. Hypothèques (archives des périodes révolutionnaire et moderne)
4 Q à 8 Q - Hypothèques ,Série Q  Domaine. Enregistrement. Hypothèques (archives des périodes révolutionnaire et moderne)
4 Q - Conservation des hypothèques de Brest ,4 Q à 8 Q - Hypothèques 
5 Q - Conservation des hypothèques de Châteaulin ,4 Q à 8 Q - Hypothèques 
6 Q - Conservation des hypothèques de Morlaix ,4 Q à 8 Q - Hypothèques 
7 Q - Conservation des hypothèques de Quimper ,4 Q à 8 Q - Hypothèques 
8 Q - Conservation des hypothèques de Quimperlé ,4 Q à 8 Q - Hypothèques 
"Série R  Affaires militaires, organismes de temps de guerre (archives modernes)",Archives publiques
1 R - Préparation de l'armée et recrutement militaire ,"Série R  Affaires militaires, organismes de temps de guerre (archives modernes)"
2 R - Organisation de l'armée ,"Série R  Affaires militaires, organismes de temps de guerre (archives modernes)"
3 R - Anciens combattants et victimes de la guerre ,"Série R  Affaires militaires, organismes de temps de guerre (archives modernes)"
4 R - Garde nationale et autres corps spéciaux ,"Série R  Affaires militaires, organismes de temps de guerre (archives modernes)"
5 R - Gendarmerie ,"Série R  Affaires militaires, organismes de temps de guerre (archives modernes)"
6 R - Sapeurs-pompiers ,"Série R  Affaires militaires, organismes de temps de guerre (archives modernes)"
7 R - Marine et Garde-côtes ,"Série R  Affaires militaires, organismes de temps de guerre (archives modernes)"
8 R - Occupation de la France par les armées ennemies ,"Série R  Affaires militaires, organismes de temps de guerre (archives modernes)"
9 R - Prisonniers de guerre ennemis ,"Série R  Affaires militaires, organismes de temps de guerre (archives modernes)"
10 R - Organismes temporaires du temps de la première guerre mondiale ,"Série R  Affaires militaires, organismes de temps de guerre (archives modernes)"
Série S  Travaux publics et transports (archives modernes),Archives publiques
1 S - Ponts et Chaussées ,Série S  Travaux publics et transports (archives modernes)
2 S - Routes et grande voirie. Circulation et transports routiers ,Série S  Travaux publics et transports (archives modernes)
3 S - Navigation intérieure (fleuves et canaux) ,Série S  Travaux publics et transports (archives modernes)
4 S - Mer. Ports. Transports maritimes ,Série S  Travaux publics et transports (archives modernes)
5 S - Chemins de fer ,Série S  Travaux publics et transports (archives modernes)
6 S - Transports aériens et météorologie ,Série S  Travaux publics et transports (archives modernes)
7 S - Service hydraulique. Associations syndicales autorisées ,Série S  Travaux publics et transports (archives modernes)
8 S - Mines et énergie ,Série S  Travaux publics et transports (archives modernes)
Série T  Enseignement général. Affaires culturelles. Sports (archives modernes),Archives publiques
1 T - Enseignement général ,Série T  Enseignement général. Affaires culturelles. Sports (archives modernes)
2 T - Imprimerie. Librairie. Presse ,Série T  Enseignement général. Affaires culturelles. Sports (archives modernes)
3 T - Archives ,Série T  Enseignement général. Affaires culturelles. Sports (archives modernes)
4 T - Affaires culturelles ,Série T  Enseignement général. Affaires culturelles. Sports (archives modernes)
Série U  Justice (archives modernes),Archives publiques
1 U - Fonds de la Préfecture ,Série U  Justice (archives modernes)
3 U - Juridictions d'exception ,Série U  Justice (archives modernes)
4 U - Cour d'assises du département du Finistère ,Série U  Justice (archives modernes)
5 U à 7 U - Tribunal de première instance de Brest ,Série U  Justice (archives modernes)
8 U à 10 U - Tribunal de première instance de Châteaulin ,Série U  Justice (archives modernes)
11 U à 13 U - Tribunal de première instance de Morlaix ,Série U  Justice (archives modernes)
14 U à 16 U - Tribunal de première instance de Quimper ,Série U  Justice (archives modernes)
17 U à 19 U - Tribunal de première instance de Quimperlé ,Série U  Justice (archives modernes)
"9 U, 15 U et 18 U - Tribunaux civils du Finistère (expertises, rapports d'expertises et adjudication des communaux) ",Série U  Justice (archives modernes)
20 U - Justice de paix du canton d'Arzano ,Série U  Justice (archives modernes)
21 U - Justice de paix du canton de Bannalec ,Série U  Justice (archives modernes)
22 U à 24 U - Justice de paix des trois cantons de Brest ,Série U  Justice (archives modernes)
25 U - Justice de paix du canton de Briec ,Série U  Justice (archives modernes)
26 U - Justice de paix du canton de Carhaix ,Série U  Justice (archives modernes)
27 U - Justice de paix du canton de Châteaulin ,Série U  Justice (archives modernes)
28 U - Justice de paix du canton de Châteauneuf-du-Faou ,Série U  Justice (archives modernes)
29 U - Justice de paix du canton de Concarneau ,Série U  Justice (archives modernes)
30 U - Justice de paix du canton de Crozon ,Série U  Justice (archives modernes)
31 U - Justice de paix du canton de Daoulas ,Série U  Justice (archives modernes)
32 U - Justice de paix du canton de Douarnenez ,Série U  Justice (archives modernes)
33 U - Justice de paix du canton de Fouesnant ,Série U  Justice (archives modernes)
34 U - Justice de paix du canton du Faou ,Série U  Justice (archives modernes)
35 U - Justice de paix du canton de Huelgoat ,Série U  Justice (archives modernes)
36 U - Justice de paix du canton de Landerneau ,Série U  Justice (archives modernes)
37 U - Justice de paix du canton de Landivisiau ,Série U  Justice (archives modernes)
38 U - Justice de paix du canton de Lanmeur ,Série U  Justice (archives modernes)
39 U - Justice de paix du canton de Lannilis ,Série U  Justice (archives modernes)
40 U - Justice de paix du canton de Lesneven ,Série U  Justice (archives modernes)
41 U - Justice de paix du canton de Morlaix ,Série U  Justice (archives modernes)
42 U - Justice de paix du canton de Ouessant ,Série U  Justice (archives modernes)
43 U - Justice de paix du canton de Plabennec ,Série U  Justice (archives modernes)
44 U - Justice de paix du canton de Pleyben ,Série U  Justice (archives modernes)
45 U - Justice de paix du canton de Plogastel-Saint-Germain ,Série U  Justice (archives modernes)
46 U - Justice de paix du canton de Ploudalmézeau ,Série U  Justice (archives modernes)
47 U - Justice de paix du canton de Ploudiry ,Série U  Justice (archives modernes)
48 U - Justice de paix du canton de Plouescat ,Série U  Justice (archives modernes)
49 U - Justice de paix du canton de Plouigneau ,Série U  Justice (archives modernes)
50 U - Justice de paix du canton de Plouzévédé ,Série U  Justice (archives modernes)
51 U - Justice de paix du canton de Pont-Aven ,Série U  Justice (archives modernes)
52 U - Justice de paix du canton de Pont-Croix ,Série U  Justice (archives modernes)
53 U - Justice de paix du canton de Pont-l'Abbé ,Série U  Justice (archives modernes)
54 U - Justice de paix du canton de Quimper ,Série U  Justice (archives modernes)
55 U - Justice de paix du canton de Quimperlé ,Série U  Justice (archives modernes)
56 U - Justice de paix du canton de Rosporden ,Série U  Justice (archives modernes)
57 U - Justice de paix du canton de Saint-Pol-de-Léon ,Série U  Justice (archives modernes)
58 U - Justice de paix du canton de Saint-Renan ,Série U  Justice (archives modernes)
59 U - Justice de paix du canton de Saint-Thégonnec ,Série U  Justice (archives modernes)
60 U - Justice de paix du canton de Scaër ,Série U  Justice (archives modernes)
61 U - Justice de paix du canton de Sizun ,Série U  Justice (archives modernes)
62 U - Justice de paix du canton de Taulé ,Série U  Justice (archives modernes)
63 U - Tribunal de commerce de Brest ,Série U  Justice (archives modernes)
64 U - Tribunal de commerce de Morlaix ,Série U  Justice (archives modernes)
65 U - Tribunal de commerce de Quimper ,Série U  Justice (archives modernes)
Série V  Cultes (archives modernes),Archives publiques
1 V à 4 V ,Série V  Cultes (archives modernes)
Série V dépôt  Archives paroissiales déposées (archives privées),Archives privées
Série W  Archives publiques postérieures à 1940,Archives publiques
Série X  Assistance et prévoyance sociale (archives modernes),Archives publiques
1 X - Administration hospitalière ,Série X  Assistance et prévoyance sociale (archives modernes)
2 X - Bureaux de bienfaisance et d'assistance ,Série X  Assistance et prévoyance sociale (archives modernes)
3 X - Assistance sociale ,Série X  Assistance et prévoyance sociale (archives modernes)
4 X - Prévoyance sociale ,Série X  Assistance et prévoyance sociale (archives modernes)
5 X - Assurances sociales ,Série X  Assistance et prévoyance sociale (archives modernes)
Série Y  Établissements pénitentiaires (archives modernes),Archives publiques
1 Y - Fonds de la préfecture ,Série Y  Établissements pénitentiaires (archives modernes)
2 Y - Fonds des établissements pénitentiaires ,Série Y  Établissements pénitentiaires (archives modernes)
Série Z  Sous-préfectures (archives modernes),Archives publiques
1 Z - Sous-préfecture de Brest ,Série Z  Sous-préfectures (archives modernes)
2 Z - Sous-préfecture de Châteaulin ,Série Z  Sous-préfectures (archives modernes)
3 Z - Sous-préfecture de Morlaix ,Série Z  Sous-préfectures (archives modernes)
4 Z - Sous-préfecture de Quimper ,Série Z  Sous-préfectures (archives modernes)
5 Z - Sous-préfecture de Quimperlé ,Série Z  Sous-préfectures (archives modernes)
